<ImportExportXml version="9.1.0.20460" SolutionPackageVersion="9.1" languagecode="1033" generatedBy="CrmLive" xmlns:xsi="http://www.w3.org/2001/XMLSchema-instance">
  <SolutionManifest>
    <UniqueName>CanvasApp</UniqueName>
    <LocalizedNames>
      <LocalizedName description="CanvasApp" languagecode="1033" />
    </LocalizedNames>
    <Descriptions />
    <Version>1.0.0.1</Version>
    <Managed>0</Managed>
    <Publisher>
      <UniqueName>Crda03e</UniqueName>
      <LocalizedNames>
        <LocalizedName description="CDS Default Publisher" languagecode="1033" />
      </LocalizedNames>
      <Descriptions />
      <EMailAddress xsi:nil="true"></EMailAddress>
      <SupportingWebsiteUrl xsi:nil="true"></SupportingWebsiteUrl>
      <CustomizationPrefix>crd12</CustomizationPrefix>
      <CustomizationOptionValuePrefix>11320</CustomizationOptionValuePrefix>
      <Addresses>
        <Address>
          <AddressNumber>1</AddressNumber>
          <AddressTypeCode xsi:nil="true"></AddressTypeCode>
          <City xsi:nil="true"></City>
          <County xsi:nil="true"></County>
          <Country xsi:nil="true"></Country>
          <Fax xsi:nil="true"></Fax>
          <FreightTermsCode xsi:nil="true"></FreightTermsCode>
          <ImportSequenceNumber xsi:nil="true"></ImportSequenceNumber>
          <Latitude xsi:nil="true"></Latitude>
          <Line1 xsi:nil="true"></Line1>
          <Line2 xsi:nil="true"></Line2>
          <Line3 xsi:nil="true"></Line3>
          <Longitude xsi:nil="true"></Longitude>
          <Name xsi:nil="true"></Name>
          <PostalCode xsi:nil="true"></PostalCode>
          <PostOfficeBox xsi:nil="true"></PostOfficeBox>
          <PrimaryContactName xsi:nil="true"></PrimaryContactName>
          <ShippingMethodCode xsi:nil="true"></ShippingMethodCode>
          <StateOrProvince xsi:nil="true"></StateOrProvince>
          <Telephone1 xsi:nil="true"></Telephone1>
          <Telephone2 xsi:nil="true"></Telephone2>
          <Telephone3 xsi:nil="true"></Telephone3>
          <TimeZoneRuleVersionNumber xsi:nil="true"></TimeZoneRuleVersionNumber>
          <UPSZone xsi:nil="true"></UPSZone>
          <UTCOffset xsi:nil="true"></UTCOffset>
          <UTCConversionTimeZoneCode xsi:nil="true"></UTCConversionTimeZoneCode>
        </Address>
        <Address>
          <AddressNumber>2</AddressNumber>
          <AddressTypeCode xsi:nil="true"></AddressTypeCode>
          <City xsi:nil="true"></City>
          <County xsi:nil="true"></County>
          <Country xsi:nil="true"></Country>
          <Fax xsi:nil="true"></Fax>
          <FreightTermsCode xsi:nil="true"></FreightTermsCode>
          <ImportSequenceNumber xsi:nil="true"></ImportSequenceNumber>
          <Latitude xsi:nil="true"></Latitude>
          <Line1 xsi:nil="true"></Line1>
          <Line2 xsi:nil="true"></Line2>
          <Line3 xsi:nil="true"></Line3>
          <Longitude xsi:nil="true"></Longitude>
          <Name xsi:nil="true"></Name>
          <PostalCode xsi:nil="true"></PostalCode>
          <PostOfficeBox xsi:nil="true"></PostOfficeBox>
          <PrimaryContactName xsi:nil="true"></PrimaryContactName>
          <ShippingMethodCode xsi:nil="true"></ShippingMethodCode>
          <StateOrProvince xsi:nil="true"></StateOrProvince>
          <Telephone1 xsi:nil="true"></Telephone1>
          <Telephone2 xsi:nil="true"></Telephone2>
          <Telephone3 xsi:nil="true"></Telephone3>
          <TimeZoneRuleVersionNumber xsi:nil="true"></TimeZoneRuleVersionNumber>
          <UPSZone xsi:nil="true"></UPSZone>
          <UTCOffset xsi:nil="true"></UTCOffset>
          <UTCConversionTimeZoneCode xsi:nil="true"></UTCConversionTimeZoneCode>
        </Address>
      </Addresses>
    </Publisher>
    <RootComponents>
      <RootComponent type="1" schemaName="contact" behavior="0" />
      <RootComponent type="29" id="{73ad529e-93df-ea11-a813-000d3a13f651}" behavior="0" />
      <RootComponent type="29" id="{be831d1e-95df-ea11-a813-000d3a13f651}" behavior="0" />
      <RootComponent type="60" id="{70ad8b15-e3f3-4d7d-9e4b-16cb4e51b484}" behavior="0" />
      <RootComponent type="300" schemaName="crd12_businessapp_7f047" behavior="0" />
      <RootComponent type="401" id="{6db5e9d3-cb46-49d9-be25-3ee4cef71dfe}" behavior="0" />
    </RootComponents>
    <MissingDependencies>
      <MissingDependency>
        <Required key="0" type="1" schemaName="msdyn_aibdatasetrecord" displayName="AI Builder Dataset Record" solution="msdyn_AISolutionDefaultTemplates (2.6.5.8)" />
        <Dependent key="1" type="402" id="{c7840ee7-83df-ea11-a813-000d3a13f651}" />
      </MissingDependency>
      <MissingDependency>
        <Required key="2" type="2" schemaName="msdyn_data" displayName="Data" parentSchemaName="msdyn_aibdatasetrecord" parentDisplayName="AI Builder Dataset Record" solution="msdyn_AISolutionDefaultTemplates (2.6.5.8)" />
        <Dependent key="1" type="402" id="{c7840ee7-83df-ea11-a813-000d3a13f651}" />
      </MissingDependency>
      <MissingDependency>
        <Required key="0" type="1" schemaName="msdyn_aibdatasetrecord" displayName="AI Builder Dataset Record" solution="msdyn_AISolutionDefaultTemplates (2.6.5.8)" />
        <Dependent key="3" type="402" id="{46d2679c-9adf-ea11-a813-000d3a13f651}" />
      </MissingDependency>
      <MissingDependency>
        <Required key="2" type="2" schemaName="msdyn_data" displayName="Data" parentSchemaName="msdyn_aibdatasetrecord" parentDisplayName="AI Builder Dataset Record" solution="msdyn_AISolutionDefaultTemplates (2.6.5.8)" />
        <Dependent key="3" type="402" id="{46d2679c-9adf-ea11-a813-000d3a13f651}" />
      </MissingDependency>
      <MissingDependency>
        <Required key="0" type="1" schemaName="msdyn_aibdatasetrecord" displayName="AI Builder Dataset Record" solution="msdyn_AISolutionDefaultTemplates (2.6.5.8)" />
        <Dependent key="4" type="402" id="{a82d69f4-96df-ea11-a813-000d3a13f651}" />
      </MissingDependency>
      <MissingDependency>
        <Required key="2" type="2" schemaName="msdyn_data" displayName="Data" parentSchemaName="msdyn_aibdatasetrecord" parentDisplayName="AI Builder Dataset Record" solution="msdyn_AISolutionDefaultTemplates (2.6.5.8)" />
        <Dependent key="4" type="402" id="{a82d69f4-96df-ea11-a813-000d3a13f651}" />
      </MissingDependency>
      <MissingDependency>
        <Required key="0" type="1" schemaName="msdyn_aibdatasetrecord" displayName="AI Builder Dataset Record" solution="msdyn_AISolutionDefaultTemplates (2.6.5.8)" />
        <Dependent key="5" type="402" id="{6c98949f-9fdf-ea11-a813-000d3a13f651}" />
      </MissingDependency>
      <MissingDependency>
        <Required key="2" type="2" schemaName="msdyn_data" displayName="Data" parentSchemaName="msdyn_aibdatasetrecord" parentDisplayName="AI Builder Dataset Record" solution="msdyn_AISolutionDefaultTemplates (2.6.5.8)" />
        <Dependent key="5" type="402" id="{6c98949f-9fdf-ea11-a813-000d3a13f651}" />
      </MissingDependency>
      <MissingDependency>
        <Required key="0" type="1" schemaName="msdyn_aibdatasetrecord" displayName="AI Builder Dataset Record" solution="msdyn_AISolutionDefaultTemplates (2.6.5.8)" />
        <Dependent key="6" type="402" id="{04d44a15-a0df-ea11-a813-000d3a13f651}" />
      </MissingDependency>
      <MissingDependency>
        <Required key="2" type="2" schemaName="msdyn_data" displayName="Data" parentSchemaName="msdyn_aibdatasetrecord" parentDisplayName="AI Builder Dataset Record" solution="msdyn_AISolutionDefaultTemplates (2.6.5.8)" />
        <Dependent key="6" type="402" id="{04d44a15-a0df-ea11-a813-000d3a13f651}" />
      </MissingDependency>
      <MissingDependency>
        <Required key="7" type="1" schemaName="msdyn_aimodel" displayName="AI Model" solution="msdyn_AISolution (2.6.5.8)" />
        <Dependent key="8" type="300" schemaName="crd12_businessapp_7f047" displayName="BusinessApp" />
      </MissingDependency>
      <MissingDependency>
        <Required key="9" type="1" schemaName="msdyn_invoicelinetransaction" displayName="Invoice Line Detail" solution="ProjectService (3.3.0.258)" />
        <Dependent key="10" type="1" schemaName="contact" displayName="Contact" />
      </MissingDependency>
      <MissingDependency>
        <Required key="11" type="1" schemaName="adx_webpagehistory" displayName="Web Page History" solution="MicrosoftPortalBase (9.2.2001.0)" />
        <Dependent key="10" type="1" schemaName="contact" displayName="Contact" />
      </MissingDependency>
      <MissingDependency>
        <Required key="12" type="1" schemaName="adx_communityforumannouncement" displayName="Forum Announcement" solution="MicrosoftForums (9.2.2003.0)" />
        <Dependent key="10" type="1" schemaName="contact" displayName="Contact" />
      </MissingDependency>
      <MissingDependency>
        <Required key="13" type="1" schemaName="adx_invitation" displayName="Invitation" solution="MicrosoftPortalBase (9.2.2001.0)" />
        <Dependent key="10" type="1" schemaName="contact" displayName="Contact" />
      </MissingDependency>
      <MissingDependency>
        <Required key="14" type="1" schemaName="adx_forumnotification" displayName="Forum Notification" solution="MicrosoftForums (9.2.2003.0)" />
        <Dependent key="10" type="1" schemaName="contact" displayName="Contact" />
      </MissingDependency>
      <MissingDependency>
        <Required key="15" type="1" schemaName="adx_webfilelog" displayName="Web File Log" solution="MicrosoftPortalBase (9.2.2001.0)" />
        <Dependent key="10" type="1" schemaName="contact" displayName="Contact" />
      </MissingDependency>
      <MissingDependency>
        <Required key="16" type="1" schemaName="msdyn_quotelinetransaction" displayName="Quote Line Detail" solution="ProjectService (3.3.0.258)" />
        <Dependent key="10" type="1" schemaName="contact" displayName="Contact" />
      </MissingDependency>
      <MissingDependency>
        <Required key="17" type="1" schemaName="msdyn_actual" displayName="Actual" solution="MicrosoftDynamicsScheduling (3.3.0.307)" />
        <Dependent key="10" type="1" schemaName="contact" displayName="Contact" />
      </MissingDependency>
      <MissingDependency>
        <Required key="18" type="1" schemaName="msdyn_orderlinetransaction" displayName="Project Contract Line Detail" solution="ProjectService (3.3.0.258)" />
        <Dependent key="10" type="1" schemaName="contact" displayName="Contact" />
      </MissingDependency>
      <MissingDependency>
        <Required key="19" type="1" schemaName="msdyn_estimateline" displayName="Estimate Line" solution="ProjectService (3.3.0.258)" />
        <Dependent key="10" type="1" schemaName="contact" displayName="Contact" />
      </MissingDependency>
      <MissingDependency>
        <Required key="20" type="1" schemaName="adx_pagealert" displayName="Page Alert" solution="MicrosoftPortalBase (9.2.2001.0)" />
        <Dependent key="10" type="1" schemaName="contact" displayName="Contact" />
      </MissingDependency>
      <MissingDependency>
        <Required key="21" type="1" schemaName="msdyn_journalline" displayName="Journal Line" solution="ProjectService (3.3.0.258)" />
        <Dependent key="10" type="1" schemaName="contact" displayName="Contact" />
      </MissingDependency>
      <MissingDependency>
        <Required key="22" type="1" schemaName="adx_pollsubmission" displayName="Poll Submission" solution="MicrosoftPortalBase (9.2.2001.0)" />
        <Dependent key="10" type="1" schemaName="contact" displayName="Contact" />
      </MissingDependency>
      <MissingDependency>
        <Required key="23" type="1" schemaName="adx_externalidentity" displayName="External Identity" solution="MicrosoftIdentity (9.2.2001.0)" />
        <Dependent key="10" type="1" schemaName="contact" displayName="Contact" />
      </MissingDependency>
      <MissingDependency>
        <Required key="24" type="1" schemaName="adx_webformsession" displayName="Web Form Session" solution="MicrosoftPortalWebForms (9.2.2001.0)" />
        <Dependent key="10" type="1" schemaName="contact" displayName="Contact" />
      </MissingDependency>
      <MissingDependency>
        <Required key="25" type="1" schemaName="adx_bpf_c2857b638fa7473d8e2f112c232cebd8" displayName="Change Password for Portals Contact" solution="MicrosoftIdentity (9.2.2001.0)" />
        <Dependent key="10" type="1" schemaName="contact" displayName="Contact" />
      </MissingDependency>
      <MissingDependency>
        <Required key="26" type="1" schemaName="msdyn_opportunitylinetransaction" displayName="Opportunity Line Detail (Deprecated)" solution="ProjectService (3.3.0.258)" />
        <Dependent key="10" type="1" schemaName="contact" displayName="Contact" />
      </MissingDependency>
      <MissingDependency>
        <Required key="27" type="1" schemaName="tt_seasonticket" displayName="Season Ticket" solution="SportsManagement (9.0.0.0)" />
        <Dependent key="10" type="1" schemaName="contact" displayName="Contact" />
      </MissingDependency>
      <MissingDependency>
        <Required key="28" type="1" schemaName="adx_communityforumalert" displayName="Forum Alert" solution="MicrosoftForums (9.2.2003.0)" />
        <Dependent key="10" type="1" schemaName="contact" displayName="Contact" />
      </MissingDependency>
      <MissingDependency>
        <Required key="29" type="1" schemaName="adx_webpagelog" displayName="Web Page Log" solution="MicrosoftPortalBase (9.2.2001.0)" />
        <Dependent key="10" type="1" schemaName="contact" displayName="Contact" />
      </MissingDependency>
      <MissingDependency>
        <Required key="30" type="1" schemaName="adx_casedeflection" displayName="Case Deflection" solution="KnowledgeManagement (9.2.2003.0)" />
        <Dependent key="10" type="1" schemaName="contact" displayName="Contact" />
      </MissingDependency>
      <MissingDependency>
        <Required key="31" type="1" schemaName="msdyn_fact" displayName="Fact" solution="ProjectService (3.3.0.258)" />
        <Dependent key="10" type="1" schemaName="contact" displayName="Contact" />
      </MissingDependency>
      <MissingDependency>
        <Required key="32" type="1" schemaName="adx_webpage" displayName="Web Page" solution="MicrosoftPortalDependencies (9.2.10.0)" />
        <Dependent key="10" type="1" schemaName="contact" displayName="Contact" />
      </MissingDependency>
      <MissingDependency>
        <Required key="33" type="1" schemaName="incident" displayName="Case" solution="msdynce_Service (9.0.5.56)" />
        <Dependent key="10" type="1" schemaName="contact" displayName="Contact" />
      </MissingDependency>
      <MissingDependency>
        <Required key="34" type="1" schemaName="opportunity" displayName="Opportunity" solution="msdynce_Sales (9.0.4.0076)" />
        <Dependent key="10" type="1" schemaName="contact" displayName="Contact" />
      </MissingDependency>
      <MissingDependency>
        <Required key="35" type="1" schemaName="adx_pagenotification" displayName="Page Notification" solution="MicrosoftPortalBase (9.2.2001.0)" />
        <Dependent key="10" type="1" schemaName="contact" displayName="Contact" />
      </MissingDependency>
      <MissingDependency>
        <Required key="36" type="1" schemaName="msdyn_contactpricelist" displayName="Contact Price List" solution="ProjectService (3.3.0.258)" />
        <Dependent key="10" type="1" schemaName="contact" displayName="Contact" />
      </MissingDependency>
      <MissingDependency>
        <Required key="37" type="1" schemaName="adx_communityforumpost" displayName="Forum Post" solution="MicrosoftForums (9.2.2003.0)" />
        <Dependent key="10" type="1" schemaName="contact" displayName="Contact" />
      </MissingDependency>
      <MissingDependency>
        <Required key="38" type="1" schemaName="adx_portallanguage" displayName="Portal Language" solution="MicrosoftPortalBase (9.2.2001.0)" />
        <Dependent key="39" type="10" schemaName="adx_portallanguage_contact" displayName="adx_portallanguage_contact" parentSchemaName="adx_portallanguage" parentDisplayName="Portal Language" />
      </MissingDependency>
      <MissingDependency>
        <Required key="40" type="2" schemaName="adx_portallanguageid" displayName="Portal Language" parentSchemaName="adx_portallanguage" parentDisplayName="Portal Language" solution="MicrosoftPortalBase (9.2.2001.0)" />
        <Dependent key="39" type="10" schemaName="adx_portallanguage_contact" displayName="adx_portallanguage_contact" parentSchemaName="adx_portallanguage" parentDisplayName="Portal Language" />
      </MissingDependency>
      <MissingDependency>
        <Required key="41" type="2" schemaName="adx_name" displayName="Name" parentSchemaName="adx_portallanguage" parentDisplayName="Portal Language" solution="MicrosoftPortalBase (9.2.2001.0)" />
        <Dependent key="39" type="10" schemaName="adx_portallanguage_contact" displayName="adx_portallanguage_contact" parentSchemaName="adx_portallanguage" parentDisplayName="Portal Language" />
      </MissingDependency>
      <MissingDependency>
        <Required key="42" type="2" schemaName="adx_preferredlanguageid" displayName="Preferred Language" parentSchemaName="contact" parentDisplayName="Contact" solution="MicrosoftPortalBase (9.2.2001.0)" />
        <Dependent key="39" type="10" schemaName="adx_portallanguage_contact" displayName="adx_portallanguage_contact" parentSchemaName="adx_portallanguage" parentDisplayName="Portal Language" />
      </MissingDependency>
      <MissingDependency>
        <Required key="39" type="10" schemaName="adx_portallanguage_contact" displayName="adx_portallanguage_contact" parentSchemaName="adx_portallanguage" parentDisplayName="Portal Language" solution="MicrosoftPortalBase (9.2.2001.0)" />
        <Dependent key="39" type="10" schemaName="adx_portallanguage_contact" displayName="adx_portallanguage_contact" parentSchemaName="adx_portallanguage" parentDisplayName="Portal Language" />
      </MissingDependency>
      <MissingDependency>
        <Required key="43" type="1" schemaName="tt_player" displayName="Player" solution="SportsManagement (9.0.0.0)" />
        <Dependent key="44" type="10" schemaName="tt_tt_player_contact_favorite" displayName="tt_tt_player_contact_favorite" parentSchemaName="tt_player" parentDisplayName="Player" />
      </MissingDependency>
      <MissingDependency>
        <Required key="45" type="2" schemaName="tt_name" displayName="Name" parentSchemaName="tt_player" parentDisplayName="Player" solution="SportsManagement (9.0.0.0)" />
        <Dependent key="44" type="10" schemaName="tt_tt_player_contact_favorite" displayName="tt_tt_player_contact_favorite" parentSchemaName="tt_player" parentDisplayName="Player" />
      </MissingDependency>
      <MissingDependency>
        <Required key="46" type="2" schemaName="tt_favoriteplayerid" displayName="Favorite Player" parentSchemaName="contact" parentDisplayName="Contact" solution="SportsManagement (9.0.0.0)" />
        <Dependent key="44" type="10" schemaName="tt_tt_player_contact_favorite" displayName="tt_tt_player_contact_favorite" parentSchemaName="tt_player" parentDisplayName="Player" />
      </MissingDependency>
      <MissingDependency>
        <Required key="47" type="2" schemaName="tt_playerid" displayName="Player" parentSchemaName="tt_player" parentDisplayName="Player" solution="SportsManagement (9.0.0.0)" />
        <Dependent key="44" type="10" schemaName="tt_tt_player_contact_favorite" displayName="tt_tt_player_contact_favorite" parentSchemaName="tt_player" parentDisplayName="Player" />
      </MissingDependency>
      <MissingDependency>
        <Required key="44" type="10" schemaName="tt_tt_player_contact_favorite" displayName="tt_tt_player_contact_favorite" parentSchemaName="tt_player" parentDisplayName="Player" solution="SportsManagement (9.0.0.0)" />
        <Dependent key="44" type="10" schemaName="tt_tt_player_contact_favorite" displayName="tt_tt_player_contact_favorite" parentSchemaName="tt_player" parentDisplayName="Player" />
      </MissingDependency>
      <MissingDependency>
        <Required key="48" type="2" schemaName="preferredequipmentid" displayName="Preferred Facility/Equipment" parentSchemaName="contact" parentDisplayName="Contact" solution="msdynce_Service (9.0.5.56)" />
        <Dependent key="49" type="60" displayName="Information" parentDisplayName="Contact" id="{894cc46a-b0cb-4ab0-8bf6-200544e46a2d}" />
      </MissingDependency>
      <MissingDependency>
        <Required key="50" type="2" schemaName="originatingleadid" displayName="Originating Lead" parentSchemaName="contact" parentDisplayName="Contact" solution="msdynce_LeadManagement (9.0.4.0066)" />
        <Dependent key="49" type="60" displayName="Information" parentDisplayName="Contact" id="{894cc46a-b0cb-4ab0-8bf6-200544e46a2d}" />
      </MissingDependency>
      <MissingDependency>
        <Required key="51" type="2" schemaName="preferredserviceid" displayName="Preferred Service" parentSchemaName="contact" parentDisplayName="Contact" solution="msdynce_Service (9.0.5.56)" />
        <Dependent key="49" type="60" displayName="Information" parentDisplayName="Contact" id="{894cc46a-b0cb-4ab0-8bf6-200544e46a2d}" />
      </MissingDependency>
      <MissingDependency>
        <Required key="52" type="2" schemaName="defaultpricelevelid" displayName="Price List" parentSchemaName="contact" parentDisplayName="Contact" solution="msdynce_ProductManagement (9.0.4.0066)" />
        <Dependent key="49" type="60" displayName="Information" parentDisplayName="Contact" id="{894cc46a-b0cb-4ab0-8bf6-200544e46a2d}" />
      </MissingDependency>
      <MissingDependency>
        <Required key="53" type="26" schemaName="Active Services" displayName="Active Services" parentSchemaName="service" parentDisplayName="Service" solution="msdynce_Service (9.0.5.56)" id="{2bd4de5e-a7b4-4f5d-8fde-eb3b62d8e2b2}" />
        <Dependent key="49" type="60" displayName="Information" parentDisplayName="Contact" id="{894cc46a-b0cb-4ab0-8bf6-200544e46a2d}" />
      </MissingDependency>
      <MissingDependency>
        <Required key="49" type="60" displayName="Information" parentDisplayName="Contact" solution="msdynce_AppCommon (9.0.4.0066)" id="{894cc46a-b0cb-4ab0-8bf6-200544e46a2d}" />
        <Dependent key="49" type="60" displayName="Information" parentDisplayName="Contact" id="{894cc46a-b0cb-4ab0-8bf6-200544e46a2d}" />
      </MissingDependency>
      <MissingDependency>
        <Required key="54" type="61" schemaName="msdyn_/RecordWall.htm" displayName="msdyn_/RecordWall.htm" solution="ActivityFeedsCore (9.0.0.0002)" />
        <Dependent key="49" type="60" displayName="Information" parentDisplayName="Contact" id="{894cc46a-b0cb-4ab0-8bf6-200544e46a2d}" />
      </MissingDependency>
      <MissingDependency>
        <Required key="55" type="61" schemaName="msdyn_/ActivityFeeds.Form.js" displayName="msdyn_/ActivityFeeds.Form.js" solution="ActivityFeedsCore (9.0.0.0002)" />
        <Dependent key="49" type="60" displayName="Information" parentDisplayName="Contact" id="{894cc46a-b0cb-4ab0-8bf6-200544e46a2d}" />
      </MissingDependency>
      <MissingDependency>
        <Required key="56" type="2" schemaName="msa_managingpartnerid" displayName="Managing Partner" parentSchemaName="contact" parentDisplayName="Contact" solution="MicrosoftPortalDependencies (9.2.10.0)" />
        <Dependent key="57" type="2" schemaName="parentcustomerid" displayName="Company Name" parentSchemaName="contact" parentDisplayName="Contact" />
      </MissingDependency>
      <MissingDependency>
        <Required key="39" type="10" schemaName="adx_portallanguage_contact" displayName="adx_portallanguage_contact" parentSchemaName="adx_portallanguage" parentDisplayName="Portal Language" solution="MicrosoftPortalBase (9.2.2001.0)" />
        <Dependent key="58" type="2" schemaName="adx_preferredlanguageidname" parentSchemaName="contact" parentDisplayName="Contact" />
      </MissingDependency>
      <MissingDependency>
        <Required key="44" type="10" schemaName="tt_tt_player_contact_favorite" displayName="tt_tt_player_contact_favorite" parentSchemaName="tt_player" parentDisplayName="Player" solution="SportsManagement (9.0.0.0)" />
        <Dependent key="59" type="2" schemaName="tt_favoriteplayeridname" parentSchemaName="contact" parentDisplayName="Contact" />
      </MissingDependency>
      <MissingDependency>
        <Required key="60" type="10" schemaName="msa_contact_managingpartner" displayName="msa_contact_managingpartner" parentSchemaName="account" parentDisplayName="Account" solution="MicrosoftPortalDependencies (9.2.10.0)" />
        <Dependent key="61" type="2" schemaName="msa_managingpartneridyominame" parentSchemaName="contact" parentDisplayName="Contact" />
      </MissingDependency>
      <MissingDependency>
        <Required key="60" type="10" schemaName="msa_contact_managingpartner" displayName="msa_contact_managingpartner" parentSchemaName="account" parentDisplayName="Account" solution="MicrosoftPortalDependencies (9.2.10.0)" />
        <Dependent key="62" type="2" schemaName="msa_managingpartneridname" parentSchemaName="contact" parentDisplayName="Contact" />
      </MissingDependency>
    </MissingDependencies>
  </SolutionManifest>
</ImportExportXml>