{"properties":{"connectionReferences":{},"definition":{"$schema":"https://schema.management.azure.com/providers/Microsoft.Logic/schemas/2016-06-01/workflowdefinition.json#","contentVersion":"1.0.0.0","parameters":{"$authentication":{"defaultValue":{},"type":"SecureObject"}},"triggers":{"manual":{"type":"Request","kind":"PowerApp","inputs":{"schema":{"type":"object","properties":{"Compose_Inputs":{"type":"any"}},"required":["Compose_Inputs"]}}}},"actions":{"TextInput":{"runAfter":{},"type":"Compose","inputs":"@triggerBody()['Compose_Inputs']"},"Run_a_Child_Flow":{"runAfter":{"TextInput":["Succeeded"]},"type":"Workflow","inputs":{"host":{"workflowReferenceName":"be831d1e-95df-ea11-a813-000d3a13f651"},"body":{"textinput":"@outputs('TextInput')"}}},"Respond_to_a_PowerApp_or_flow":{"runAfter":{"Run_a_Child_Flow":["Succeeded"]},"type":"Response","kind":"PowerApp","inputs":{"statusCode":200,"body":{"response":"@{outputs('Run_a_Child_Flow')?['Body']}"},"schema":{"type":"object","properties":{"response":{"title":"response","x-ms-dynamically-added":true,"type":"string"}}}}}},"outputs":{}}},"schemaVersion":"1.0.0.0"}