{"properties":{"connectionReferences":{"shared_commondataserviceforapps":{"runtimeSource":"embedded","connection":{},"api":{"name":"shared_commondataserviceforapps"}}},"definition":{"$schema":"https://schema.management.azure.com/providers/Microsoft.Logic/schemas/2016-06-01/workflowdefinition.json#","contentVersion":"1.0.0.0","parameters":{"$connections":{"defaultValue":{},"type":"Object"},"$authentication":{"defaultValue":{},"type":"SecureObject"}},"triggers":{"manual":{"type":"Request","kind":"Http","inputs":{"schema":{"type":"object","properties":{"textinput":{"type":"string"}}}}}},"actions":{"Initialize_variable":{"runAfter":{},"type":"InitializeVariable","inputs":{"variables":[{"name":"vappendtext","type":"string"}]}},"Predict":{"runAfter":{"Initialize_variable":["Succeeded"]},"metadata":{"flowSystemMetadata":{"portalOperationId":"aibuilderpredict","portalOperationGroup":"aibuilder"}},"type":"OpenApiConnection","inputs":{"host":{"connectionName":"shared_commondataserviceforapps","operationId":"aibuilderpredict","apiId":"/providers/Microsoft.PowerApps/apis/shared_commondataserviceforapps"},"parameters":{"recordId":"6db5e9d3-cb46-49d9-be25-3ee4cef71dfe","item/requestv2/language":"english","item/requestv2/text":"@triggerBody()?['textinput']"},"authentication":"@parameters('$authentication')"}},"Apply_to_each":{"foreach":"@outputs('Predict')?['body/responsev2/predictionOutput/result/entities']","actions":{"Append_to_string_variable":{"runAfter":{},"type":"AppendToStringVariable","inputs":{"name":"vappendtext","value":"@{items('Apply_to_each')?['type']}|@{items('Apply_to_each')?['value']}*|"}}},"runAfter":{"Predict":["Succeeded"]},"type":"Foreach"},"Response":{"runAfter":{"Apply_to_each":["Succeeded"]},"type":"Response","kind":"Http","inputs":{"statusCode":200,"body":"@variables('vappendtext')"}}},"outputs":{}}},"schemaVersion":"1.0.0.0"}