{"schemaVersion":"1.0","appDefinitionTemplate":{"id":"/providers/Microsoft.PowerApps/apps/","type":"Microsoft.PowerApps/apps","tags":{"primaryDeviceWidth":"1366","primaryDeviceHeight":"768","sienaVersion":"20200815T153234Z-3.20071.24.0","deviceCapabilities":"","supportsPortrait":"false","supportsLandscape":"true","primaryFormFactor":"Tablet","publisherVersion":"3.20071.24","minimumRequiredApiVersion":"2.2.0","hasComponent":"false","hasUnlockedComponent":"false","isUnifiedRootApp":"false"},"properties":{"appVersion":"2020-08-15T15:32:34Z","lifeCycleId":"Published","createdByClientVersion":{"major":3,"minor":20071,"build":24,"revision":0,"majorRevision":0,"minorRevision":0},"minClientVersion":{"major":3,"minor":20071,"build":24,"revision":0,"majorRevision":0,"minorRevision":0},"backgroundColor":"rgba(0, 176, 240, 1)","backgroundImageUri":"/7428383707706062912/Nfb1e24a2-2374-4530-957b-c15a82ea28f7-logoSmallFile","displayName":"BusinessApp","description":"","commitMessage":"","appUris":{"documentUri":{"value":"/7428383707706062912/N8b4d118d-07fd-45bb-a39e-6ff8c04310fc-document.msapp","readonlyValue":"/7428383707706062912/N8b4d118d-07fd-45bb-a39e-6ff8c04310fc-document.msapp"},"imageUris":[]},"createdTime":"0001-01-01T00:00:00Z","lastModifiedTime":"0001-01-01T00:00:00Z","sharedGroupsCount":0,"sharedUsersCount":0,"icons":{"smallIconUri":"/7428383707706062912/N1ed9a213-450b-4d6e-81c0-b76d82b1ab52-small.png","mediumIconUri":"/7428383707706062912/N69ee2b0b-b3b0-40d4-8304-d61ec2a9eaf8-medium.png","largeIconUri":"/7428383707706062912/N9fede9b8-f365-479b-9d7e-91a0821ad778-large.png","wideIconUri":"/7428383707706062912/Nf7b14fc1-1e20-463a-b670-8ebeccefd8c4-wide.png"},"connectionReferences":{},"databaseReferences":{"default.cds":{"databaseDetails":{"referenceType":"Environmental","environmentName":"default.cds"},"dataSources":{"43b0dc67-68af-47ae-9a9c-9e69d396ba3e":{"entitySetName":"msdyn_aimodels","logicalName":"msdyn_aimodel"},"Contacts":{"entitySetName":"contacts","logicalName":"contact"}}}},"almMode":"Solution","performanceOptimizationEnabled":true,"canConsumeAppPass":true},"isAppComponentLibrary":false,"appType":"ClassicCanvasApp","appComponents":[]}}