<ImportExportXml version="9.1.0.20751" SolutionPackageVersion="9.1" languagecode="1033" generatedBy="CrmLive" xmlns:xsi="http://www.w3.org/2001/XMLSchema-instance">
  <SolutionManifest>
    <UniqueName>EDUSPARKPlanner</UniqueName>
    <LocalizedNames>
      <LocalizedName description="EDUSPARK Planner" languagecode="1033" />
    </LocalizedNames>
    <Descriptions>
      <Description description="Upgrade of EDUSPARK Planner" languagecode="1033" />
    </Descriptions>
    <Version>1.1.0.4</Version>
    <Managed>1</Managed>
    <Publisher>
      <UniqueName>microsoftcustom</UniqueName>
      <LocalizedNames>
        <LocalizedName description="Microsoft Custom" languagecode="1033" />
      </LocalizedNames>
      <Descriptions />
      <EMailAddress xsi:nil="true"></EMailAddress>
      <SupportingWebsiteUrl xsi:nil="true"></SupportingWebsiteUrl>
      <CustomizationPrefix>msc</CustomizationPrefix>
      <CustomizationOptionValuePrefix>86185</CustomizationOptionValuePrefix>
      <Addresses>
        <Address>
          <AddressNumber>1</AddressNumber>
          <AddressTypeCode>1</AddressTypeCode>
          <City xsi:nil="true"></City>
          <County xsi:nil="true"></County>
          <Country xsi:nil="true"></Country>
          <Fax xsi:nil="true"></Fax>
          <FreightTermsCode xsi:nil="true"></FreightTermsCode>
          <ImportSequenceNumber xsi:nil="true"></ImportSequenceNumber>
          <Latitude xsi:nil="true"></Latitude>
          <Line1 xsi:nil="true"></Line1>
          <Line2 xsi:nil="true"></Line2>
          <Line3 xsi:nil="true"></Line3>
          <Longitude xsi:nil="true"></Longitude>
          <Name xsi:nil="true"></Name>
          <PostalCode xsi:nil="true"></PostalCode>
          <PostOfficeBox xsi:nil="true"></PostOfficeBox>
          <PrimaryContactName xsi:nil="true"></PrimaryContactName>
          <ShippingMethodCode>1</ShippingMethodCode>
          <StateOrProvince xsi:nil="true"></StateOrProvince>
          <Telephone1 xsi:nil="true"></Telephone1>
          <Telephone2 xsi:nil="true"></Telephone2>
          <Telephone3 xsi:nil="true"></Telephone3>
          <TimeZoneRuleVersionNumber xsi:nil="true"></TimeZoneRuleVersionNumber>
          <UPSZone xsi:nil="true"></UPSZone>
          <UTCOffset xsi:nil="true"></UTCOffset>
          <UTCConversionTimeZoneCode xsi:nil="true"></UTCConversionTimeZoneCode>
        </Address>
        <Address>
          <AddressNumber>2</AddressNumber>
          <AddressTypeCode>1</AddressTypeCode>
          <City xsi:nil="true"></City>
          <County xsi:nil="true"></County>
          <Country xsi:nil="true"></Country>
          <Fax xsi:nil="true"></Fax>
          <FreightTermsCode xsi:nil="true"></FreightTermsCode>
          <ImportSequenceNumber xsi:nil="true"></ImportSequenceNumber>
          <Latitude xsi:nil="true"></Latitude>
          <Line1 xsi:nil="true"></Line1>
          <Line2 xsi:nil="true"></Line2>
          <Line3 xsi:nil="true"></Line3>
          <Longitude xsi:nil="true"></Longitude>
          <Name xsi:nil="true"></Name>
          <PostalCode xsi:nil="true"></PostalCode>
          <PostOfficeBox xsi:nil="true"></PostOfficeBox>
          <PrimaryContactName xsi:nil="true"></PrimaryContactName>
          <ShippingMethodCode>1</ShippingMethodCode>
          <StateOrProvince xsi:nil="true"></StateOrProvince>
          <Telephone1 xsi:nil="true"></Telephone1>
          <Telephone2 xsi:nil="true"></Telephone2>
          <Telephone3 xsi:nil="true"></Telephone3>
          <TimeZoneRuleVersionNumber xsi:nil="true"></TimeZoneRuleVersionNumber>
          <UPSZone xsi:nil="true"></UPSZone>
          <UTCOffset xsi:nil="true"></UTCOffset>
          <UTCConversionTimeZoneCode xsi:nil="true"></UTCConversionTimeZoneCode>
        </Address>
      </Addresses>
    </Publisher>
    <RootComponents>
      <RootComponent type="1" schemaName="msc_admission_session" behavior="0" />
      <RootComponent type="1" schemaName="msc_attendance" behavior="0" />
      <RootComponent type="1" schemaName="msc_class" behavior="0" />
      <RootComponent type="1" schemaName="msc_school" behavior="0" />
      <RootComponent type="1" schemaName="msc_school_affiliations" behavior="0" />
      <RootComponent type="1" schemaName="msc_school_board" behavior="0" />
      <RootComponent type="1" schemaName="msc_subject" behavior="0" />
      <RootComponent type="1" schemaName="msc_teacher" behavior="0" />
      <RootComponent type="1" schemaName="msc_teacher_class" behavior="0" />
      <RootComponent type="9" schemaName="crf3a_stream" behavior="0" />
      <RootComponent type="9" schemaName="msc_affiliation_board" behavior="0" />
      <RootComponent type="9" schemaName="msc_affiliation_type" behavior="0" />
      <RootComponent type="9" schemaName="msc_attendance_party" behavior="0" />
      <RootComponent type="9" schemaName="msc_attendance_status" behavior="0" />
      <RootComponent type="9" schemaName="msc_attendance_type" behavior="0" />
      <RootComponent type="9" schemaName="msc_class_name_external" behavior="0" />
      <RootComponent type="9" schemaName="msc_employee_group" behavior="0" />
      <RootComponent type="9" schemaName="msc_employee_type" behavior="0" />
      <RootComponent type="9" schemaName="msc_gender" behavior="0" />
      <RootComponent type="9" schemaName="msc_salutation" behavior="0" />
      <RootComponent type="9" schemaName="msc_school_affiliation_status" behavior="0" />
      <RootComponent type="9" schemaName="msc_school_cluster" behavior="0" />
      <RootComponent type="9" schemaName="msc_school_type" behavior="0" />
      <RootComponent type="9" schemaName="msc_section" behavior="0" />
      <RootComponent type="9" schemaName="msc_session_status" behavior="0" />
      <RootComponent type="9" schemaName="msc_session_year" behavior="0" />
      <RootComponent type="9" schemaName="msc_stream" behavior="0" />
      <RootComponent type="9" schemaName="msc_teacher_specialization" behavior="0" />
      <RootComponent type="9" schemaName="msc_teacher_ype" behavior="0" />
      <RootComponent type="9" schemaName="msc_title" behavior="0" />
      <RootComponent type="29" id="{1a7ce53a-97b4-ea11-a812-000d3a1ab3c7}" behavior="0" />
      <RootComponent type="29" id="{44ba021a-40b5-ea11-a812-000d3a8b3e5a}" behavior="0" />
      <RootComponent type="29" id="{81b8e756-a2b8-ea11-a812-000d3a1ab3c7}" behavior="0" />
      <RootComponent type="29" id="{9e75833d-99b8-ea11-a812-000d3a1ab3c7}" behavior="0" />
      <RootComponent type="29" id="{a4b9b097-a5b8-ea11-a812-000d3a1ab3c7}" behavior="0" />
      <RootComponent type="29" id="{adfb16be-9db8-ea11-a812-000d3a1ab3c7}" behavior="0" />
      <RootComponent type="29" id="{c1b4fcb8-14b5-ea11-a812-000d3a1ab3c7}" behavior="0" />
      <RootComponent type="29" id="{c51d74b2-a0b8-ea11-a812-000d3a1ab3c7}" behavior="0" />
      <RootComponent type="29" id="{c9bcd9fb-046c-4da8-8d99-be60059f53a8}" behavior="0" />
      <RootComponent type="29" id="{d4c51be6-96b8-ea11-a812-000d3a1ab3c7}" behavior="0" />
      <RootComponent type="29" id="{e1bbe7a0-07b5-ea11-a812-000d3a1ab3c7}" behavior="0" />
      <RootComponent type="31" id="{8d8de6a9-b1bb-ea11-a812-000d3a8b3e5a}" behavior="0" />
      <RootComponent type="60" id="{b71f20b4-8eb8-ea11-a812-000d3a1ab3c7}" behavior="0" />
      <RootComponent type="60" id="{d54cdd9b-5ab7-ea11-a812-000d3a1ab3c7}" behavior="0" />
      <RootComponent type="60" id="{e05c5aee-36b4-ea11-a812-000d3a1ab3c7}" behavior="0" />
      <RootComponent type="60" id="{e9676ff7-7e4c-463e-8f49-6192deed7fcd}" behavior="0" />
      <RootComponent type="62" schemaName="msc_EDUSPARKSCHOOLPLANNER" behavior="0" />
      <RootComponent type="62" schemaName="TeamMembersAppSiteMap" behavior="0" />
      <RootComponent type="80" schemaName="msc_EDUSPARKSCHOOLPLANNER" behavior="0" />
      <RootComponent type="80" schemaName="msdyn_TeamMember_Sales" behavior="0" />
      <RootComponent type="91" id="{a786f8e3-1111-4b5a-8766-9e7ae6e1bc2c}" schemaName="Eduspark.MS.CRM.Plugins, Version=1.0.0.0, Culture=neutral, PublicKeyToken=46e45b5acf8f78de" behavior="0" />
      <RootComponent type="92" id="{f6cec012-97bf-ea11-a812-000d3a8b3e5a}" behavior="0" />
    </RootComponents>
    <MissingDependencies>
      <MissingDependency>
        <Required key="0" type="1" schemaName="opportunity" displayName="Opportunity" solution="msdynce_Sales (9.0.4.0076)" />
        <Dependent key="1" type="80" schemaName="msc_EDUSPARKSCHOOLPLANNER" displayName="EDUSPARK SCHOOL PLANNER" />
      </MissingDependency>
      <MissingDependency>
        <Required key="2" type="1" schemaName="competitor" displayName="Competitor" solution="msdynce_Sales (9.0.4.0076)" />
        <Dependent key="1" type="80" schemaName="msc_EDUSPARKSCHOOLPLANNER" displayName="EDUSPARK SCHOOL PLANNER" />
      </MissingDependency>
      <MissingDependency>
        <Required key="3" type="1" schemaName="invoicedetail" displayName="Invoice Line" solution="msdynce_Sales (9.0.4.0076)" />
        <Dependent key="1" type="80" schemaName="msc_EDUSPARKSCHOOLPLANNER" displayName="EDUSPARK SCHOOL PLANNER" />
      </MissingDependency>
      <MissingDependency>
        <Required key="4" type="1" schemaName="invoice" displayName="Invoice" solution="msdynce_Sales (9.0.4.0076)" />
        <Dependent key="1" type="80" schemaName="msc_EDUSPARKSCHOOLPLANNER" displayName="EDUSPARK SCHOOL PLANNER" />
      </MissingDependency>
      <MissingDependency>
        <Required key="5" type="1" schemaName="opportunityproduct" displayName="Opportunity Line" solution="msdynce_Sales (9.0.4.0076)" />
        <Dependent key="1" type="80" schemaName="msc_EDUSPARKSCHOOLPLANNER" displayName="EDUSPARK SCHOOL PLANNER" />
      </MissingDependency>
      <MissingDependency>
        <Required key="6" type="1" schemaName="quote" displayName="Quote" solution="msdynce_Sales (9.0.4.0076)" />
        <Dependent key="1" type="80" schemaName="msc_EDUSPARKSCHOOLPLANNER" displayName="EDUSPARK SCHOOL PLANNER" />
      </MissingDependency>
      <MissingDependency>
        <Required key="7" type="1" schemaName="uom" displayName="Unit" solution="msdynce_ProductManagement (9.0.4.0066)" />
        <Dependent key="1" type="80" schemaName="msc_EDUSPARKSCHOOLPLANNER" displayName="EDUSPARK SCHOOL PLANNER" />
      </MissingDependency>
      <MissingDependency>
        <Required key="8" type="1" schemaName="lead" displayName="Lead" solution="msdynce_LeadManagement (9.0.4.0066)" />
        <Dependent key="1" type="80" schemaName="msc_EDUSPARKSCHOOLPLANNER" displayName="EDUSPARK SCHOOL PLANNER" />
      </MissingDependency>
      <MissingDependency>
        <Required key="9" type="1" schemaName="competitoraddress" displayName="Competitor Address" solution="msdynce_Sales (9.0.4.0076)" />
        <Dependent key="1" type="80" schemaName="msc_EDUSPARKSCHOOLPLANNER" displayName="EDUSPARK SCHOOL PLANNER" />
      </MissingDependency>
      <MissingDependency>
        <Required key="10" type="1" schemaName="uomschedule" displayName="Unit Group" solution="msdynce_ProductManagement (9.0.4.0066)" />
        <Dependent key="1" type="80" schemaName="msc_EDUSPARKSCHOOLPLANNER" displayName="EDUSPARK SCHOOL PLANNER" />
      </MissingDependency>
      <MissingDependency>
        <Required key="11" type="1" schemaName="quotedetail" displayName="Quote Line" solution="msdynce_Sales (9.0.4.0076)" />
        <Dependent key="1" type="80" schemaName="msc_EDUSPARKSCHOOLPLANNER" displayName="EDUSPARK SCHOOL PLANNER" />
      </MissingDependency>
      <MissingDependency>
        <Required key="12" type="1" schemaName="productpricelevel" displayName="Price List Item" solution="msdynce_ProductManagement (9.0.4.0066)" />
        <Dependent key="1" type="80" schemaName="msc_EDUSPARKSCHOOLPLANNER" displayName="EDUSPARK SCHOOL PLANNER" />
      </MissingDependency>
      <MissingDependency>
        <Required key="13" type="1" schemaName="product" displayName="Product" solution="msdynce_ProductManagement (9.0.4.0066)" />
        <Dependent key="1" type="80" schemaName="msc_EDUSPARKSCHOOLPLANNER" displayName="EDUSPARK SCHOOL PLANNER" />
      </MissingDependency>
      <MissingDependency>
        <Required key="14" type="1" schemaName="salesorderdetail" displayName="Order Line" solution="msdynce_Sales (9.0.4.0076)" />
        <Dependent key="1" type="80" schemaName="msc_EDUSPARKSCHOOLPLANNER" displayName="EDUSPARK SCHOOL PLANNER" />
      </MissingDependency>
      <MissingDependency>
        <Required key="15" type="1" schemaName="pricelevel" displayName="Price List" solution="msdynce_ProductManagement (9.0.4.0066)" />
        <Dependent key="1" type="80" schemaName="msc_EDUSPARKSCHOOLPLANNER" displayName="EDUSPARK SCHOOL PLANNER" />
      </MissingDependency>
      <MissingDependency>
        <Required key="16" type="1" schemaName="salesorder" displayName="Order" solution="msdynce_Sales (9.0.4.0076)" />
        <Dependent key="1" type="80" schemaName="msc_EDUSPARKSCHOOLPLANNER" displayName="EDUSPARK SCHOOL PLANNER" />
      </MissingDependency>
      <MissingDependency>
        <Required key="17" type="20" displayName="Salesperson" solution="msdynce_Sales (9.0.4.0076)" id="{61d4ec9b-0f58-465b-94ed-8440e1091670}" parentId="{a4be89ff-7c35-4d69-9900-999c3f603e6f}" />
        <Dependent key="1" type="80" schemaName="msc_EDUSPARKSCHOOLPLANNER" displayName="EDUSPARK SCHOOL PLANNER" />
      </MissingDependency>
      <MissingDependency>
        <Required key="18" type="161" displayName="Sample Sales Scenario" solution="msdynce_Sales (9.0.4.0076)" id="{bcf3bd3f-dbb2-e511-a96b-00219b71552b}" />
        <Dependent key="1" type="80" schemaName="msc_EDUSPARKSCHOOLPLANNER" displayName="EDUSPARK SCHOOL PLANNER" />
      </MissingDependency>
      <MissingDependency>
        <Required key="19" type="161" displayName="School" solution="Active" id="{c18337e7-d8c4-ea11-a812-000d3a1ab3c7}" />
        <Dependent key="1" type="80" schemaName="msc_EDUSPARKSCHOOLPLANNER" displayName="EDUSPARK SCHOOL PLANNER" />
      </MissingDependency>
      <MissingDependency>
        <Required key="20" type="61" schemaName="msdyn_/Images/AppModule_Default_Icon.png" displayName="msdyn_/Images/AppModule_Default_Icon.png" solution="AppModuleWebResources (2.5)" />
        <Dependent key="1" type="80" schemaName="msc_EDUSPARKSCHOOLPLANNER" displayName="EDUSPARK SCHOOL PLANNER" />
      </MissingDependency>
      <MissingDependency>
        <Required key="21" type="80" schemaName="msdyn_TeamMember_Sales" displayName="Teacher Attendance" solution="msdyn_SalesTeamMembersApp (9.0.2004.1001)" />
        <Dependent key="21" type="80" schemaName="msdyn_TeamMember_Sales" displayName="Teacher Attendance" />
      </MissingDependency>
      <MissingDependency>
        <Required key="19" type="161" displayName="School" solution="Active" id="{c18337e7-d8c4-ea11-a812-000d3a1ab3c7}" />
        <Dependent key="21" type="80" schemaName="msdyn_TeamMember_Sales" displayName="Teacher Attendance" />
      </MissingDependency>
      <MissingDependency>
        <Required key="20" type="61" schemaName="msdyn_/Images/AppModule_Default_Icon.png" displayName="msdyn_/Images/AppModule_Default_Icon.png" solution="AppModuleWebResources (2.5)" />
        <Dependent key="21" type="80" schemaName="msdyn_TeamMember_Sales" displayName="Teacher Attendance" />
      </MissingDependency>
      <MissingDependency>
        <Required key="22" type="62" schemaName="TeamMembersAppSiteMap" solution="msdyn_SalesTeamMembersApp (9.0.2004.1001)" />
        <Dependent key="22" type="62" schemaName="TeamMembersAppSiteMap" />
      </MissingDependency>
      <MissingDependency>
        <Required key="23" type="61" schemaName="msdyn_/fps/Icons/Entity/Actuals.svg" displayName="msdyn_/fps/Icons/Entity/Actuals.svg" solution="MicrosoftDynamicsScheduling (3.12.0.448)" />
        <Dependent key="22" type="62" schemaName="TeamMembersAppSiteMap" />
      </MissingDependency>
      <MissingDependency>
        <Required key="24" type="61" schemaName="msdyn_/Images/Area_Default_Icon.png" displayName="msdyn_/Images/Area_Default_Icon.png" solution="AppModuleWebResources (2.5)" />
        <Dependent key="22" type="62" schemaName="TeamMembersAppSiteMap" />
      </MissingDependency>
    </MissingDependencies>
  </SolutionManifest>
</ImportExportXml>