{"properties":{"connectionReferences":{"shared_commondataservice":{"runtimeSource":"embedded","connection":{},"api":{"name":"shared_commondataservice"}},"shared_approvals":{"runtimeSource":"embedded","connection":{},"api":{"name":"shared_approvals"}},"shared_office365":{"runtimeSource":"embedded","connection":{},"api":{"name":"shared_office365"}}},"definition":{"$schema":"https://schema.management.azure.com/providers/Microsoft.Logic/schemas/2016-06-01/workflowdefinition.json#","contentVersion":"1.0.0.0","parameters":{"$connections":{"defaultValue":{},"type":"Object"},"$authentication":{"defaultValue":{},"type":"SecureObject"}},"triggers":{"When_a_record_is_created":{"type":"OpenApiConnectionWebhook","inputs":{"host":{"connectionName":"shared_commondataservice","operationId":"SubscribeOnNewItems","apiId":"/providers/Microsoft.PowerApps/apis/shared_commondataservice"},"parameters":{"dataset":"default.cds","table":"crd37_deviceorders","scope":"Organization"},"authentication":"@parameters('$authentication')"}}},"actions":{"Start_and_wait_for_an_approval":{"runAfter":{},"type":"OpenApiConnectionWebhook","inputs":{"host":{"connectionName":"shared_approvals","operationId":"StartAndWaitForAnApproval","apiId":"/providers/Microsoft.PowerApps/apis/shared_approvals"},"parameters":{"approvalType":"Basic","WebhookApprovalCreationInput/title":"New Device request for @{triggerOutputs()?['body/crd37_devicename']}","WebhookApprovalCreationInput/assignedTo":"@triggerOutputs()?['body/crd37_approver']","WebhookApprovalCreationInput/details":"A new device has been requested   \n@{triggerOutputs()?['body/crd37_devicename']}, Price :  $@{triggerOutputs()?['body/crd37_price']}\nDepartment Contribution : $@{triggerOutputs()?['body/crd37_departmentcontribution']}\nComments : @{triggerOutputs()?['body/crd37_comments']}","WebhookApprovalCreationInput/requestor":"@triggerOutputs()?['body/crd37_requestedby']","WebhookApprovalCreationInput/enableNotifications":true,"WebhookApprovalCreationInput/enableReassignment":true},"authentication":"@parameters('$authentication')"}},"Condition":{"actions":{"Update_a_record":{"runAfter":{},"type":"OpenApiConnection","inputs":{"host":{"connectionName":"shared_commondataservice","operationId":"PatchItem_V2","apiId":"/providers/Microsoft.PowerApps/apis/shared_commondataservice"},"parameters":{"dataset":"default.cds","table":"crd37_deviceorders","id":"@triggerOutputs()?['body/crd37_deviceorderid']","item/crd37_approvalstatus":945410000,"item/crd37_approveddate":"@utcNow()","item/crd37_comments":"@triggerOutputs()?['body/crd37_comments']","item/_ownerid_type":""},"authentication":"@parameters('$authentication')"}},"Send_an_email_(V2)":{"runAfter":{"Update_a_record":["Succeeded"]},"type":"OpenApiConnection","inputs":{"host":{"connectionName":"shared_office365","operationId":"SendEmailV2","apiId":"/providers/Microsoft.PowerApps/apis/shared_office365"},"parameters":{"emailMessage/To":"@outputs('Update_a_record')?['body/crd37_requestedby']","emailMessage/Subject":"Your Device has been Approved !","emailMessage/Body":"Your Device has been Approved <b> @{outputs('Update_a_record')?['body/crd37_devicename']} </b></br>\nEstimated Ship Date : @{outputs('Update_a_record')?['body/crd37_estimatedshipdate']} </br>\n@{outputs('Start_and_wait_for_an_approval')?['body/responseSummary']}"},"authentication":"@parameters('$authentication')"}}},"runAfter":{"Start_and_wait_for_an_approval":["Succeeded"]},"else":{"actions":{"Update_a_record_2":{"runAfter":{},"type":"OpenApiConnection","inputs":{"host":{"connectionName":"shared_commondataservice","operationId":"PatchItem_V2","apiId":"/providers/Microsoft.PowerApps/apis/shared_commondataservice"},"parameters":{"dataset":"default.cds","table":"crd37_deviceorders","id":"@triggerOutputs()?['body/crd37_deviceorderid']","item/crd37_approvalstatus":945410001,"item/_ownerid_type":""},"authentication":"@parameters('$authentication')"}},"Send_an_email_(V2)_2":{"runAfter":{"Update_a_record_2":["Succeeded"]},"type":"OpenApiConnection","inputs":{"host":{"connectionName":"shared_office365","operationId":"SendEmailV2","apiId":"/providers/Microsoft.PowerApps/apis/shared_office365"},"parameters":{"emailMessage/To":"@outputs('Update_a_record_2')?['body/crd37_requestedby']","emailMessage/Subject":"Your device Order is rejected !","emailMessage/Body":"<p>Your Device Order for @{outputs('Update_a_record_2')?['body/crd37_devicename']} is rejected by @{outputs('Update_a_record_2')?['body/crd37_approver']}</p>"},"authentication":"@parameters('$authentication')"}}}},"expression":{"equals":["@outputs('Start_and_wait_for_an_approval')?['body/outcome']","Approve"]},"type":"If"}},"outputs":{}}},"schemaVersion":"1.0.0.0"}