{"properties":{"connectionReferences":{"shared_commondataservice":{"runtimeSource":"embedded","connection":{},"api":{"name":"shared_commondataservice"}}},"definition":{"$schema":"https://schema.management.azure.com/providers/Microsoft.Logic/schemas/2016-06-01/workflowdefinition.json#","contentVersion":"1.0.0.0","parameters":{"$connections":{"defaultValue":{},"type":"Object"},"$authentication":{"defaultValue":{},"type":"SecureObject"}},"triggers":{"When_a_record_is_created":{"type":"OpenApiConnectionWebhook","inputs":{"host":{"connectionName":"shared_commondataservice","operationId":"SubscribeOnNewItems","apiId":"/providers/Microsoft.PowerApps/apis/shared_commondataservice"},"parameters":{"dataset":"org4d028e83.crm8","table":"tgf_timetableplanners","scope":"Organization"},"authentication":"@parameters('$authentication')"}}},"actions":{"Get_record":{"runAfter":{},"type":"OpenApiConnection","inputs":{"host":{"connectionName":"shared_commondataservice","operationId":"GetItem_V2","apiId":"/providers/Microsoft.PowerApps/apis/shared_commondataservice"},"parameters":{"dataset":"org4d028e83.crm8","table":"tgf_timetableplanners","id":"@triggerOutputs()?['body/tgf_timetableplannerid']"},"authentication":"@parameters('$authentication')"}},"Set_variable":{"runAfter":{"EndTime_Variable":["Succeeded"]},"type":"SetVariable","inputs":{"name":"Starttime","value":"@{outputs('Get_record')?['body/_tgf_starttime_label']}"}},"StartTime_Variable":{"runAfter":{"Get_record":["Succeeded"]},"type":"InitializeVariable","inputs":{"variables":[{"name":"Starttime","type":"string"}]}},"EndTime_Variable":{"runAfter":{"StartTime_Variable":["Succeeded"]},"type":"InitializeVariable","inputs":{"variables":[{"name":"Endtime","type":"string"}]}},"Set_variable_2":{"runAfter":{"Set_variable":["Succeeded"]},"type":"SetVariable","inputs":{"name":"Endtime","value":"@{outputs('Get_record')?['body/_tgf_endtime_label']}"}},"Today_Date":{"runAfter":{"Set_variable_2":["Succeeded"]},"type":"InitializeVariable","inputs":{"variables":[{"name":"Todaydate","type":"string","value":"@{formatDateTime(utcNow(),'MM/dd/yyyy')}"}]}},"Append_to_string_variable":{"runAfter":{"Initialize_variable":["Succeeded"]},"type":"AppendToStringVariable","inputs":{"name":"Today End Date","value":" @{variables('Endtime')}"}},"Compose":{"runAfter":{"Start_Time_Append":["Succeeded"]},"type":"Compose","inputs":"@variables('Todaydate')"},"Start_Time_Append":{"runAfter":{"Today_Date":["Succeeded"]},"type":"AppendToStringVariable","inputs":{"name":"Todaydate","value":" @{variables('Starttime')}"}},"Initialize_variable":{"runAfter":{"Appointment_Start_Time":["Succeeded"]},"type":"InitializeVariable","inputs":{"variables":[{"name":"Today End Date","type":"string","value":"@{formatDateTime(utcNow(),'MM/dd/yyyy')}"}]}},"Appointment_Start_Time":{"runAfter":{"Compose":["Succeeded"]},"type":"Compose","inputs":"@formatDateTime(outputs('Compose'))"},"Appointment_End_Time":{"runAfter":{"Append_to_string_variable":["Succeeded"]},"type":"Compose","inputs":"@variables('Today End Date')"},"Create_a_new_record":{"runAfter":{"Convert_time_zone_Start_Time":["Succeeded"]},"type":"OpenApiConnection","inputs":{"host":{"connectionName":"shared_commondataservice","operationId":"PostItem_V2","apiId":"/providers/Microsoft.PowerApps/apis/shared_commondataservice"},"parameters":{"dataset":"org4d028e83.crm8","table":"appointments","item/scheduledend":"@outputs('Appointment_End_Time')","item/scheduledstart":"@outputs('Compose')","item/subject":"@outputs('Get_record')?['body/tgf_topic']","item/isalldayevent":false,"item/isdraft":false,"item/_ownerid_type":"","item/_regardingobjectid_value":"@outputs('Get_record')?['body/tgf_timetableplannerid']","item/_regardingobjectid_type":"tgf_timetableplanners","item/isbilled":false,"item/ismapiprivate":false,"item/isworkflowcreated":false},"authentication":"@parameters('$authentication')"}},"Convert_time_zone_end_time":{"runAfter":{"Appointment_End_Time":["Succeeded"]},"type":"Expression","kind":"ConvertTimeZone","inputs":{"baseTime":"@{outputs('Appointment_End_Time')}","formatString":"g","sourceTimeZone":"UTC","destinationTimeZone":"India Standard Time"}},"Convert_time_zone_Start_Time":{"runAfter":{"Convert_time_zone_end_time":["Succeeded"]},"type":"Expression","kind":"ConvertTimeZone","inputs":{"baseTime":"@{outputs('Compose')}","formatString":"g","sourceTimeZone":"UTC","destinationTimeZone":"India Standard Time"}}},"outputs":{}}},"schemaVersion":"1.0.0.0"}