{"properties":{"connectionReferences":{"shared_commondataservice":{"runtimeSource":"embedded","connection":{},"api":{"name":"shared_commondataservice"}}},"definition":{"$schema":"https://schema.management.azure.com/providers/Microsoft.Logic/schemas/2016-06-01/workflowdefinition.json#","contentVersion":"1.0.0.0","parameters":{"$connections":{"defaultValue":{},"type":"Object"},"$authentication":{"defaultValue":{},"type":"SecureObject"}},"triggers":{"When_a_record_is_created":{"metadata":{"flowSystemMetadata":{"swaggerOperationId":"SubscribeOnNewItems"}},"type":"ApiConnectionWebhook","inputs":{"host":{"connection":{"name":"@parameters('$connections')['shared_commondataservice']['connectionId']"}},"body":{"NotificationUrl":"@{listCallbackUrl()}"},"path":"/datasets/@{encodeURIComponent(encodeURIComponent('default.cds'))}/tables/@{encodeURIComponent(encodeURIComponent('msc_attendances'))}/onnewitemswebhook","queries":{"scope":"Organization"},"authentication":"@parameters('$authentication')"}}},"actions":{"List_records":{"runAfter":{"Compose":["Succeeded"]},"metadata":{"flowSystemMetadata":{"swaggerOperationId":"GetItems_V2"}},"type":"ApiConnection","inputs":{"host":{"connection":{"name":"@parameters('$connections')['shared_commondataservice']['connectionId']"}},"method":"get","path":"/v2/datasets/@{encodeURIComponent(encodeURIComponent('default.cds'))}/tables/@{encodeURIComponent(encodeURIComponent('msc_teachers'))}/items","queries":{"$filter":"@{outputs('Compose')}"},"authentication":"@parameters('$authentication')"}},"Apply_to_each":{"foreach":"@body('List_records')?['value']","actions":{"Update_a_record":{"runAfter":{},"metadata":{"flowSystemMetadata":{"swaggerOperationId":"PatchItem_V2"}},"type":"ApiConnection","inputs":{"host":{"connection":{"name":"@parameters('$connections')['shared_commondataservice']['connectionId']"}},"method":"patch","body":{"msc_attendance_id":"@triggerBody()?['msc_attendance_id']","_ownerid_type":"","_msc_school_location_id_value":"@items('Apply_to_each')?['_msc_schoolcode_value']","_msc_teachers_value":"@items('Apply_to_each')?['msc_teacherid']"},"path":"/v2/datasets/@{encodeURIComponent(encodeURIComponent('default.cds'))}/tables/@{encodeURIComponent(encodeURIComponent('msc_attendances'))}/items/@{encodeURIComponent(encodeURIComponent(triggerBody()?['msc_attendanceid']))}","authentication":"@parameters('$authentication')"}}},"runAfter":{"List_records":["Succeeded"]},"type":"Foreach"},"Get_record":{"runAfter":{},"metadata":{"flowSystemMetadata":{"swaggerOperationId":"GetItem_V2"}},"type":"ApiConnection","inputs":{"host":{"connection":{"name":"@parameters('$connections')['shared_commondataservice']['connectionId']"}},"method":"get","path":"/v2/datasets/@{encodeURIComponent(encodeURIComponent('default.cds'))}/tables/@{encodeURIComponent(encodeURIComponent('systemusers'))}/items/@{encodeURIComponent(encodeURIComponent(triggerBody()?['_ownerid_value']))}","authentication":"@parameters('$authentication')"}},"Compose":{"runAfter":{"Get_record":["Succeeded"]},"type":"Compose","inputs":"msc_aad_msft_id eq '@{body('Get_record')?['domainname']}'"}},"outputs":{}}},"schemaVersion":"1.0.0.0"}