{"schemaVersion":"1.0","appDefinitionTemplate":{"id":"/providers/Microsoft.PowerApps/apps/","type":"Microsoft.PowerApps/apps","tags":{"primaryDeviceWidth":"1366","primaryDeviceHeight":"768","sienaVersion":"20200808T082641Z-3.20074.20.0","deviceCapabilities":"","supportsPortrait":"false","supportsLandscape":"true","primaryFormFactor":"Tablet","publisherVersion":"3.20074.20","minimumRequiredApiVersion":"2.2.0","hasComponent":"false","hasUnlockedComponent":"false","isUnifiedRootApp":"false"},"properties":{"appVersion":"2020-08-08T08:26:41Z","lifeCycleId":"Published","createdByClientVersion":{"major":3,"minor":20074,"build":20,"revision":0,"majorRevision":0,"minorRevision":0},"minClientVersion":{"major":3,"minor":20074,"build":20,"revision":0,"majorRevision":0,"minorRevision":0},"backgroundColor":"rgba(0, 176, 240, 1)","backgroundImageUri":"/16236361823768983874/Nc4d0a7e0-169d-4a56-8b3b-4fa6b6c610b9-logoSmallFile","displayName":"Device Ordering App","description":"","commitMessage":"","appUris":{"documentUri":{"value":"/16236361823768983874/Ne2c0f305-956a-42d3-8561-68f2751ec179-document.msapp","readonlyValue":"/16236361823768983874/Ne2c0f305-956a-42d3-8561-68f2751ec179-document.msapp"},"imageUris":[]},"createdTime":"0001-01-01T00:00:00Z","lastModifiedTime":"0001-01-01T00:00:00Z","sharedGroupsCount":0,"sharedUsersCount":0,"icons":{"smallIconUri":"/16236361823768983874/N7d775ec2-73a8-4540-a475-add70f7bf2b8-small.png","mediumIconUri":"/16236361823768983874/N8018b9a3-6d65-4034-8c18-563c670140fe-medium.png","largeIconUri":"/16236361823768983874/Nfa13018b-dd9d-4d2a-8111-5473c1cf31f7-large.png","wideIconUri":"/16236361823768983874/Ncae8c77d-88cd-42e6-92eb-3052d7f8065e-wide.png"},"connectionReferences":{"0cbded52-17d8-45e5-833a-5b48066c856c":{"id":"18fcd696-0f38-435c-a0a0-6843c5ca14d6","displayName":"Office 365 Users","iconUri":"https://connectoricons-prod.azureedge.net/releases/v1.0.1381/1.0.1381.2096/office365users/icon.png","dataSources":["Office365Users"],"dependencies":[],"dependents":[],"parameterHints":{},"isOnPremiseConnection":false,"bypassConsent":false,"dataSets":{},"apiTier":"Standard","isCustomApiConnection":false}},"databaseReferences":{"default.cds":{"databaseDetails":{"referenceType":"Environmental","environmentName":"default.cds"},"dataSources":{"Device Orders":{"entitySetName":"crd37_deviceorders","logicalName":"crd37_deviceorder"}}}},"almMode":"Solution","performanceOptimizationEnabled":true,"canConsumeAppPass":true},"isAppComponentLibrary":false,"appType":"ClassicCanvasApp","appComponents":[]}}