<ImportExportXml version="9.1.0.21332" SolutionPackageVersion="9.1" languagecode="1033" generatedBy="CrmLive" xmlns:xsi="http://www.w3.org/2001/XMLSchema-instance">
  <SolutionManifest>
    <UniqueName>DeviceorderingApp</UniqueName>
    <LocalizedNames>
      <LocalizedName description="DeviceorderingApp" languagecode="1033" />
    </LocalizedNames>
    <Descriptions />
    <Version>1.0.0.1</Version>
    <Managed>0</Managed>
    <Publisher>
      <UniqueName>demo</UniqueName>
      <LocalizedNames>
        <LocalizedName description="Demo" languagecode="1033" />
      </LocalizedNames>
      <Descriptions />
      <EMailAddress xsi:nil="true"></EMailAddress>
      <SupportingWebsiteUrl xsi:nil="true"></SupportingWebsiteUrl>
      <CustomizationPrefix>tgf</CustomizationPrefix>
      <CustomizationOptionValuePrefix>28865</CustomizationOptionValuePrefix>
      <Addresses>
        <Address>
          <AddressNumber>1</AddressNumber>
          <AddressTypeCode>1</AddressTypeCode>
          <City xsi:nil="true"></City>
          <County xsi:nil="true"></County>
          <Country xsi:nil="true"></Country>
          <Fax xsi:nil="true"></Fax>
          <FreightTermsCode xsi:nil="true"></FreightTermsCode>
          <ImportSequenceNumber xsi:nil="true"></ImportSequenceNumber>
          <Latitude xsi:nil="true"></Latitude>
          <Line1 xsi:nil="true"></Line1>
          <Line2 xsi:nil="true"></Line2>
          <Line3 xsi:nil="true"></Line3>
          <Longitude xsi:nil="true"></Longitude>
          <Name xsi:nil="true"></Name>
          <PostalCode xsi:nil="true"></PostalCode>
          <PostOfficeBox xsi:nil="true"></PostOfficeBox>
          <PrimaryContactName xsi:nil="true"></PrimaryContactName>
          <ShippingMethodCode>1</ShippingMethodCode>
          <StateOrProvince xsi:nil="true"></StateOrProvince>
          <Telephone1 xsi:nil="true"></Telephone1>
          <Telephone2 xsi:nil="true"></Telephone2>
          <Telephone3 xsi:nil="true"></Telephone3>
          <TimeZoneRuleVersionNumber xsi:nil="true"></TimeZoneRuleVersionNumber>
          <UPSZone xsi:nil="true"></UPSZone>
          <UTCOffset xsi:nil="true"></UTCOffset>
          <UTCConversionTimeZoneCode xsi:nil="true"></UTCConversionTimeZoneCode>
        </Address>
        <Address>
          <AddressNumber>2</AddressNumber>
          <AddressTypeCode>1</AddressTypeCode>
          <City xsi:nil="true"></City>
          <County xsi:nil="true"></County>
          <Country xsi:nil="true"></Country>
          <Fax xsi:nil="true"></Fax>
          <FreightTermsCode xsi:nil="true"></FreightTermsCode>
          <ImportSequenceNumber xsi:nil="true"></ImportSequenceNumber>
          <Latitude xsi:nil="true"></Latitude>
          <Line1 xsi:nil="true"></Line1>
          <Line2 xsi:nil="true"></Line2>
          <Line3 xsi:nil="true"></Line3>
          <Longitude xsi:nil="true"></Longitude>
          <Name xsi:nil="true"></Name>
          <PostalCode xsi:nil="true"></PostalCode>
          <PostOfficeBox xsi:nil="true"></PostOfficeBox>
          <PrimaryContactName xsi:nil="true"></PrimaryContactName>
          <ShippingMethodCode>1</ShippingMethodCode>
          <StateOrProvince xsi:nil="true"></StateOrProvince>
          <Telephone1 xsi:nil="true"></Telephone1>
          <Telephone2 xsi:nil="true"></Telephone2>
          <Telephone3 xsi:nil="true"></Telephone3>
          <TimeZoneRuleVersionNumber xsi:nil="true"></TimeZoneRuleVersionNumber>
          <UPSZone xsi:nil="true"></UPSZone>
          <UTCOffset xsi:nil="true"></UTCOffset>
          <UTCConversionTimeZoneCode xsi:nil="true"></UTCConversionTimeZoneCode>
        </Address>
      </Addresses>
    </Publisher>
    <RootComponents>
      <RootComponent type="1" schemaName="crd37_deviceorder" behavior="0" />
      <RootComponent type="1" schemaName="crd37_timetablelineitems" behavior="0" />
      <RootComponent type="1" schemaName="new_deviceprocurementprocess" behavior="0" />
      <RootComponent type="9" schemaName="crd37_approvalstatus" behavior="0" />
      <RootComponent type="29" id="{0bcebfc7-46d9-ea11-a813-000d3a3e14af}" behavior="0" />
      <RootComponent type="29" id="{93ab3869-60d9-ea11-a813-000d3a3e14af}" behavior="0" />
      <RootComponent type="29" id="{e7374d41-cfda-ea11-a813-000d3a3e14af}" behavior="0" />
      <RootComponent type="62" schemaName="crd37_DeviceProcurement" behavior="0" />
      <RootComponent type="80" schemaName="crd37_DeviceProcurement" behavior="0" />
      <RootComponent type="300" schemaName="tgf_deviceorderingapp_9baf6" behavior="0" />
    </RootComponents>
    <MissingDependencies>
      <MissingDependency>
        <Required key="0" type="9" schemaName="crd37_starttime" displayName="Start Time" solution="Active" />
        <Dependent key="1" type="2" schemaName="crd37_starttime" displayName="StartTime" parentSchemaName="crd37_timetablelineitems" parentDisplayName="Timetable Line items" />
      </MissingDependency>
      <MissingDependency>
        <Required key="0" type="9" schemaName="crd37_starttime" displayName="Start Time" solution="Active" />
        <Dependent key="2" type="2" schemaName="crd37_endtime" displayName="End Time" parentSchemaName="crd37_timetablelineitems" parentDisplayName="Timetable Line items" />
      </MissingDependency>
      <MissingDependency>
        <Required key="3" type="20" displayName="PowerApps Custom Entity User Role" solution="CenterofExcellenceCoreComponents (1.54)" id="{519b2826-eba8-e911-a853-000d3a372ab9}" />
        <Dependent key="4" type="80" schemaName="crd37_DeviceProcurement" displayName="Device Procurement" />
      </MissingDependency>
      <MissingDependency>
        <Required key="5" type="20" displayName="Approvals Administrator" solution="msdyn_FlowApprovalsCore (2.0.1.0)" id="{854af338-f3c5-e711-8122-000d3aa01c52}" />
        <Dependent key="4" type="80" schemaName="crd37_DeviceProcurement" displayName="Device Procurement" />
      </MissingDependency>
      <MissingDependency>
        <Required key="6" type="20" displayName="Approvals User" solution="msdyn_FlowApprovalsCore (2.0.1.0)" id="{b9b08637-acf6-e711-a95a-000d3a11f5ee}" />
        <Dependent key="4" type="80" schemaName="crd37_DeviceProcurement" displayName="Device Procurement" />
      </MissingDependency>
      <MissingDependency>
        <Required key="7" type="61" schemaName="msdyn_/Images/AppModule_Default_Icon.png" displayName="msdyn_/Images/AppModule_Default_Icon.png" solution="AppModuleWebResources (2.5)" />
        <Dependent key="4" type="80" schemaName="crd37_DeviceProcurement" displayName="Device Procurement" />
      </MissingDependency>
    </MissingDependencies>
  </SolutionManifest>
</ImportExportXml>